[
  {
    "id": 1,
    "name": "Act1",
    "basePrice": 1500.0,
    "category": "PREVENTION"
  },
  {
    "id": 2,
    "name": "Act2",
    "basePrice": 9000.0,
    "category": "DENTAL_PROSTHESES"
  },
  {
    "id": 3,
    "name": "Act3",
    "basePrice": 2000.0,
    "category": "ORTHODONTICS"
  },
  {
    "id": 4,
    "name": "Act4",
    "basePrice": 3000.0,
    "category": "IMPLANTOLOGY"
  },
  {
    "id": 5,
    "name": "Act5",
    "basePrice": 4000.0,
    "category": "SURGERY"
  },
  {
    "id": 6,
    "name": "Act6",
    "basePrice": 1800.0,
    "category": "SOFT_TISSUE_CARE"
  },
  {
    "id": 7,
    "name": "Act7",
    "basePrice": 1200.0,
    "category": "CARE_OF_CAVITIES"
  },
  {
    "id": 8,
    "name": "Act8",
    "basePrice": 1000.0,
    "category": "DIAGNOSIS"
  }
]