[
  {
    "id": 1,
    "time": [
      9,
      30
    ],
    "date": [
      2025,
      1,
      22
    ],
    "type": "Urgent",
    "status": "CONFIRMED",
    "consultation": 1
  },
  {
    "id": 2,
    "time": [
      10,
      15
    ],
    "date": [
      2025,
      1,
      20
    ],
    "type": "Normal",
    "status": "PENDING",
    "consultation": 0
  },
  {
    "id": 3,
    "time": [
      9,
      0
    ],
    "date": [
      2025,
      1,
      18
    ],
    "type": "Priority",
    "status": "CONFIRMED",
    "consultation": 2
  },
  {
    "id": 4,
    "time": [
      10,
      30
    ],
    "date": [
      2025,
      1,
      23
    ],
    "type": "Control",
    "status": "PENDING",
    "consultation": 0
  },
  {
    "id": 5,
    "time": [
      11,
      45
    ],
    "date": [
      2025,
      1,
      19
    ],
    "type": "VIP",
    "status": "CONFIRMED",
    "consultation": 3
  },
  {
    "id": 6,
    "time": [
      13,
      0
    ],
    "date": [
      2025,
      1,
      21
    ],
    "type": "Advice",
    "status": "CANCELLED",
    "consultation": 0
  },
  {
    "id": 7,
    "time": [
      12,
      30
    ],
    "date": [
      2025,
      1,
      20
    ],
    "type": "Normal",
    "status": "CONFIRMED",
    "consultation": 4
  },
  {
    "id": 8,
    "time": [
      9,
      15
    ],
    "date": [
      2025,
      1,
      17
    ],
    "type": "Priority",
    "status": "CONFIRMED",
    "consultation": 5
  },
  {
    "id": 9,
    "time": [
      14,
      0
    ],
    "date": [
      2025,
      1,
      22
    ],
    "type": "Control",
    "status": "CANCELLED",
    "consultation": 0
  },
  {
    "id": 10,
    "time": [
      15,
      0
    ],
    "date": [
      2025,
      1,
      21
    ],
    "type": "Urgent",
    "status": "CONFIRMED",
    "consultation": 6
  },
  {
    "id": 11,
    "time": [
      10,
      0
    ],
    "date": [
      2025,
      1,
      20
    ],
    "type": "Normal",
    "status": "PENDING",
    "consultation": 0
  },
  {
    "id": 12,
    "time": [
      13,
      30
    ],
    "date": [
      2025,
      1,
      18
    ],
    "type": "Priority",
    "status": "CONFIRMED",
    "consultation": 7
  },
  {
    "id": 13,
    "time": [
      9,
      45
    ],
    "date": [
      2025,
      1,
      17
    ],
    "type": "Urgent",
    "status": "CANCELLED",
    "consultation": 0
  },
  {
    "id": 14,
    "time": [
      12,
      0
    ],
    "date": [
      2025,
      1,
      19
    ],
    "type": "VIP",
    "status": "CONFIRMED",
    "consultation": 8
  },
  {
    "id": 15,
    "time": [
      9,
      30
    ],
    "date": [
      2025,
      1,
      22
    ],
    "type": "Advice",
    "status": "PENDING",
    "consultation": 0
  },
  {
    "id": 16,
    "time": [
      11,
      0
    ],
    "date": [
      2025,
      1,
      20
    ],
    "type": "Control",
    "status": "CONFIRMED",
    "consultation": 9
  },
  {
    "id": 17,
    "time": [
      14,
      30
    ],
    "date": [
      2025,
      1,
      23
    ],
    "type": "Normal",
    "status": "CANCELLED",
    "consultation": 0
  },
  {
    "id": 18,
    "time": [
      15,
      0
    ],
    "date": [
      2025,
      1,
      21
    ],
    "type": "Priority",
    "status": "CONFIRMED",
    "consultation": 10
  },
  {
    "id": 19,
    "time": [
      13,
      15
    ],
    "date": [
      2025,
      1,
      19
    ],
    "type": "Advice",
    "status": "CONFIRMED",
    "consultation": 11
  },
  {
    "id": 20,
    "time": [
      10,
      45
    ],
    "date": [
      2025,
      1,
      20
    ],
    "type": "Urgent",
    "status": "CANCELLED",
    "consultation": 0
  }
]
