[
  {
    "id": 1,
    "reason": "Post-surgery recovery for dental implant procedure",
    "startDate": [
      2025,
      1,
      26
    ],
    "endDate": [
      2025,
      2,
      2
    ]
  },
  {
    "id": 2,
    "reason": "Orthodontic treatment adjustment and recovery",
    "startDate": [
      2025,
      1,
      28
    ],
    "endDate": [
      2025,
      2,
      4
    ]
  },
  {
    "id": 3,
    "reason": "Treatment of severe gum inflammation",
    "startDate": [
      2025,
      2,
      1
    ],
    "endDate": [
      2025,
      2,
      7
    ]
  },
  {
    "id": 4,
    "reason": "Recovery after tooth extraction surgery",
    "startDate": [
      2025,
      2,
      5
    ],
    "endDate": [
      2025,
      2,
      10
    ]
  },
  {
    "id": 5,
    "reason": "Post-root canal procedure care",
    "startDate": [
      2025,
      2,
      8
    ],
    "endDate": [
      2025,
      2,
      14
    ]
  },
  {
    "id": 6,
    "reason": "Treatment for oral infection",
    "startDate": [
      2025,
      2,
      15
    ],
    "endDate": [
      2025,
      2,
      20
    ]
  },
  {
    "id": 7,
    "reason": "Recovery after dental bridge placement",
    "startDate": [
      2025,
      2,
      18
    ],
    "endDate": [
      2025,
      2,
      25
    ]
  },
  {
    "id": 8,
    "reason": "Treatment of severe toothache and associated swelling",
    "startDate": [
      2025,
      2,
      22
    ],
    "endDate": [
      2025,
      2,
      28
    ]
  },
  {
    "id": 9,
    "reason": "Post-orthodontic appliance adjustment recovery",
    "startDate": [
      2025,
      3,
      1
    ],
    "endDate": [
      2025,
      3,
      6
    ]
  },
  {
    "id": 10,
    "reason": "Recovery after gum graft surgery",
    "startDate": [
      2025,
      3,
      5
    ],
    "endDate": [
      2025,
      3,
      12
    ]
  },
  {
    "id": 11,
    "reason": "Healing period after wisdom tooth removal",
    "startDate": [
      2025,
      3,
      10
    ],
    "endDate": [
      2025,
      3,
      17
    ]
  },
  {
    "id": 12,
    "reason": "Management of temporomandibular joint (TMJ) disorder",
    "startDate": [
      2025,
      3,
      15
    ],
    "endDate": [
      2025,
      3,
      21
    ]
  },
  {
    "id": 13,
    "reason": "Post-surgical care after jaw realignment procedure",
    "startDate": [
      2025,
      3,
      20
    ],
    "endDate": [
      2025,
      3,
      27
    ]
  },
  {
    "id": 14,
    "reason": "Treatment for severe dental cavity and infection",
    "startDate": [
      2025,
      3,
      25
    ],
    "endDate": [
      2025,
      4,
      1
    ]
  },
  {
    "id": 15,
    "reason": "Healing after dental crown placement",
    "startDate": [
      2025,
      4,
      2
    ],
    "endDate": [
      2025,
      4,
      8
    ]
  }
]
