[
  {
    "id": 1,
    "price": 2950.0,
    "acts": [
      1,
      3,
      5
    ]
  },
  {
    "id": 2,
    "price": 4500.0,
    "acts": [
      2,
      4
    ]
  },
  {
    "id": 3,
    "price": 5000.0,
    "acts": [
      3,
      6,
      7
    ]
  },
  {
    "id": 4,
    "price": 2700.0,
    "acts": [
      1,
      2
    ]
  },
  {
    "id": 5,
    "price": 9400.0,
    "acts": [
      5,
      6,
      8
    ]
  },
  {
    "id": 6,
    "price": 4800.0,
    "acts": [
      4,
      7
    ]
  },
  {
    "id": 7,
    "price": 6950.0,
    "acts": [
      2,
      3,
      5
    ]
  },
  {
    "id": 8,
    "price": 4150.0,
    "acts": [
      1,
      4
    ]
  },
  {
    "id": 9,
    "price": 6800.0,
    "acts": [
      6,
      7,
      8
    ]
  },
  {
    "id": 10,
    "price": 5000.0,
    "acts": [
      3,
      4
    ]
  },
  {
    "id": 11,
    "price": 3300.0,
    "acts": [
      1,
      6
    ]
  },
  {
    "id": 12,
    "price": 8500.0,
    "acts": [
      2,
      5,
      8
    ]
  },
  {
    "id": 13,
    "price": 3800.0,
    "acts": [
      3,
      7
    ]
  },
  {
    "id": 14,
    "price": 4800.0,
    "acts": [
      4,
      6
    ]
  },
  {
    "id": 15,
    "price": 4650.0,
    "acts": [
      1,
      3,
      8
    ]
  },
  {
    "id": 16,
    "price": 3200.0,
    "acts": [
      2,
      7
    ]
  },
  {
    "id": 17,
    "price": 9400.0,
    "acts": [
      5,
      6,
      8
    ]
  },
  {
    "id": 18,
    "price": 4800.0,
    "acts": [
      4,
      7
    ]
  },
  {
    "id": 19,
    "price": 4850.0,
    "acts": [
      1,
      3,
      6
    ]
  },
  {
    "id": 20,
    "price": 4950.0,
    "acts": [
      2,
      3,
      4
    ]
  },
  {
    "id": 21,
    "price": 5800.0,
    "acts": [
      6,
      8
    ]
  },
  {
    "id": 22,
    "price": 6800.0,
    "acts": [
      2,
      5,
      7
    ]
  },
  {
    "id": 23,
    "price": 2700.0,
    "acts": [
      1,
      3
    ]
  },
  {
    "id": 24,
    "price": 8200.0,
    "acts": [
      4,
      5,
      8
    ]
  },
  {
    "id": 25,
    "price": 5050.0,
    "acts": [
      2,
      7,
      8
    ]
  }
]
