[
  {
    "id": 1,
    "date": [
      2025,
      1,
      30
    ],
    "totalAmount": 2900.0,
    "payedAmount": 1000.0,
    "type": "CASH"
  },
  {
    "id": 2,
    "date": [
      2025,
      1,
      25
    ],
    "totalAmount": 4500.0,
    "payedAmount": 3000.0,
    "type": "CHEQUE"
  },
  {
    "id": 3,
    "date": [
      2025,
      1,
      25
    ],
    "totalAmount": 5000.0,
    "payedAmount": 5000.0,
    "type": "CREDIT_CARD"
  },
  {
    "id": 4,
    "date": [
      2025,
      1,
      27
    ],
    "totalAmount": 2700.0,
    "payedAmount": 2300.0,
    "type": "CHEQUE"
  },
  {
    "id": 5,
    "date": [
      2025,
      2,
      20
    ],
    "totalAmount": 9400.0,
    "payedAmount": 9400.0,
    "type": "TRANSFER"
  },
  {
    "id": 6,
    "date": [
      2025,
      2,
      25
    ],
    "totalAmount": 4800.0,
    "payedAmount": 4800.0,
    "type": "CASH"
  },
  {
    "id": 7,
    "date": [
      2025,
      3,
      1
    ],
    "totalAmount": 4150.0,
    "payedAmount": 3500.0,
    "type": "CREDIT_CARD"
  },
  {
    "id": 8,
    "date": [
      2025,
      3,
      5
    ],
    "totalAmount": 6800.0,
    "payedAmount": 5000.0,
    "type": "CHEQUE"
  },
  {
    "id": 9,
    "date": [
      2025,
      3,
      10
    ],
    "totalAmount": 3300.0,
    "payedAmount": 3300.0,
    "type": "TRANSFER"
  },
  {
    "id": 10,
    "date": [
      2025,
      3,
      15
    ],
    "totalAmount": 8500.0,
    "payedAmount": 7500.0,
    "type": "CASH"
  },
  {
    "id": 11,
    "date": [
      2025,
      3,
      20
    ],
    "totalAmount": 4650.0,
    "payedAmount": 4000.0,
    "type": "CREDIT_CARD"
  },
  {
    "id": 12,
    "date": [
      2025,
      3,
      25
    ],
    "totalAmount": 4850.0,
    "payedAmount": 4850.0,
    "type": "CASH"
  },
  {
    "id": 13,
    "date": [
      2025,
      4,
      1
    ],
    "totalAmount": 5050.0,
    "payedAmount": 0.0,
    "type": "CHEQUE"
  },
  {
    "id": 14,
    "date": [
      2025,
      4,
      5
    ],
    "totalAmount": 8200.0,
    "payedAmount": 0.0,
    "type": "TRANSFER"
  },
  {
    "id": 15,
    "date": [
      2025,
      4,
      10
    ],
    "totalAmount": 5800.0,
    "payedAmount": 5800.0,
    "type": "CREDIT_CARD"
  }
]
