[
  {
    "id": 1,
    "date": [
      2025,
      1,
      25
    ],
    "prescriptionsMedicine": [
      1,
      2,
      3
    ]
  },
  {
    "id": 2,
    "date": [
      2025,
      1,
      27
    ],
    "prescriptionsMedicine": [
      4,
      5,
      6
    ]
  },
  {
    "id": 3,
    "date": [
      2025,
      1,
      29
    ],
    "prescriptionsMedicine": [
      7,
      8,
      9,
      10
    ]
  },
  {
    "id": 4,
    "date": [
      2025,
      2,
      1
    ],
    "prescriptionsMedicine": [
      11,
      12,
      13
    ]
  },
  {
    "id": 5,
    "date": [
      2025,
      2,
      3
    ],
    "prescriptionsMedicine": [
      14,
      15,
      16,
      17
    ]
  },
  {
    "id": 6,
    "date": [
      2025,
      2,
      5
    ],
    "prescriptionsMedicine": [
      18,
      19,
      20
    ]
  },
  {
    "id": 7,
    "date": [
      2025,
      2,
      7
    ],
    "prescriptionsMedicine": [
      1,
      2,
      4,
      5
    ]
  },
  {
    "id": 8,
    "date": [
      2025,
      2,
      9
    ],
    "prescriptionsMedicine": [
      6,
      7,
      8,
      9
    ]
  },
  {
    "id": 9,
    "date": [
      2025,
      2,
      11
    ],
    "prescriptionsMedicine": [
      10,
      11,
      12,
      13
    ]
  },
  {
    "id": 10,
    "date": [
      2025,
      2,
      13
    ],
    "prescriptionsMedicine": [
      14,
      15,
      16,
      17
    ]
  },
  {
    "id": 11,
    "date": [
      2025,
      2,
      15
    ],
    "prescriptionsMedicine": [
      18,
      19,
      20
    ]
  },
  {
    "id": 12,
    "date": [
      2025,
      2,
      17
    ],
    "prescriptionsMedicine": [
      3,
      4,
      5,
      6
    ]
  },
  {
    "id": 13,
    "date": [
      2025,
      2,
      19
    ],
    "prescriptionsMedicine": [
      7,
      8,
      9
    ]
  },
  {
    "id": 14,
    "date": [
      2025,
      2,
      21
    ],
    "prescriptionsMedicine": [
      10,
      11,
      12,
      13
    ]
  },
  {
    "id": 15,
    "date": [
      2025,
      2,
      23
    ],
    "prescriptionsMedicine": [
      14,
      15,
      16
    ]
  },
  {
    "id": 16,
    "date": [
      2025,
      2,
      25
    ],
    "prescriptionsMedicine": [
      17,
      18,
      19
    ]
  }
]
